{"cameraMode":{"drawMode":0,"name":"Shaded","section":"Shading Mode"},"sceneLighting":true,"audioPlay":false,"sceneViewState":{"showFog":true,"showMaterialUpdate":false,"showSkybox":true,"showFlares":true,"showImageEffects":true,"showParticleSystems":true,"showVisualEffectGraphs":true,"m_FxEnabled":true},"in2DMode":false,"pivot":{"x":648.324462890625,"y":140.44638061523438,"z":1316.5863037109375},"rotation":{"x":0.06743818521499634,"y":-0.017662707716226579,"z":0.001194013049826026,"w":0.9975665211677551},"size":980.408935546875,"orthographic":false}